"model","avg_dep_delay"
"737-230",-1.77901274926447
"737-282",-0.989872760321994
"ERJ 190-100 IGW",15.9058609461789
"A330-223",68.1153846153846
