,model,avg_dep_delay
0,737-230,-1.7790127492644656
1,737-282,-0.9898727603219943
2,ERJ 190-100 IGW,15.905860946178892
3,A330-223,68.11538461538461
